City_ID,City,Lat,Lng,Max Temp,Humidity,Cloudiness,Wind Speed,Country,Date
0,Am Timan,11.0297,20.2827,66.43,24,99,7.54,TD,2022-01-27 04:32:20
1,Ust-Kan,50.9276,84.761,7.21,83,97,3.0,RU,2022-01-27 04:32:20
2,Upernavik,72.7868,-56.1549,1.49,84,100,3.71,GL,2022-01-27 04:32:20
3,Novobelokatay,55.7062,58.9549,16.88,91,100,14.23,RU,2022-01-27 04:32:21
4,Shache,38.4167,77.2406,31.86,36,0,1.39,CN,2022-01-27 04:32:21
5,Altay,47.8667,88.1167,10.47,74,100,2.46,CN,2022-01-27 04:32:21
6,Yellowknife,62.456,-114.3525,4.41,89,100,4.61,CA,2022-01-27 04:32:22
7,Namibe,-15.1961,12.1522,75.45,83,100,1.48,AO,2022-01-27 04:32:22
8,Katsuura,35.1333,140.3,54.19,57,100,9.08,JP,2022-01-27 04:32:22
9,Bhaderwah,32.9784,75.7186,37.35,72,4,1.68,IN,2022-01-27 04:32:23
10,Jamestown,42.097,-79.2353,7.72,85,0,6.91,US,2022-01-27 04:31:25
11,Tiksi,71.6872,128.8694,-0.15,87,64,15.46,RU,2022-01-27 04:28:45
12,Rikitea,-23.1203,-134.9692,78.22,79,4,18.07,PF,2022-01-27 04:29:54
13,Qaanaaq,77.484,-69.3632,-8.34,59,73,9.33,GL,2022-01-27 04:28:34
14,Dalby,-27.1833,151.2667,86.99,46,97,3.0,AU,2022-01-27 04:32:24
15,Bredasdorp,-34.5322,20.0403,63.28,94,39,4.61,ZA,2022-01-27 04:32:24
16,Digras,20.1167,77.7167,66.72,32,0,8.59,IN,2022-01-27 04:32:24
17,Lata,40.1629,-8.3327,48.06,77,54,5.5,PT,2022-01-27 04:32:25
18,Castro,-24.7911,-50.0119,65.41,92,85,3.09,BR,2022-01-27 04:32:16
19,Kavieng,-2.5744,150.7967,83.84,73,83,6.46,PG,2022-01-27 04:32:25
20,Mitsamiouli,-11.3847,43.2844,80.89,74,75,5.75,KM,2022-01-27 04:32:25
21,Puerto Ayora,-0.7393,-90.3518,72.97,91,97,5.88,EC,2022-01-27 04:32:26
22,Asau,46.4333,26.4,27.52,86,91,6.87,RO,2022-01-27 04:32:26
23,Kaeo,-35.1,173.7833,79.32,54,0,1.39,NZ,2022-01-27 04:32:27
24,Mataura,-46.1927,168.8643,57.47,41,44,7.96,NZ,2022-01-27 04:28:41
25,Valparaiso,-33.0393,-71.6273,59.92,77,0,4.61,CL,2022-01-27 04:27:47
26,Ushuaia,-54.8,-68.3,46.67,96,100,3.04,AR,2022-01-27 04:32:27
27,Lebu,-37.6167,-73.65,57.29,92,4,8.68,CL,2022-01-27 04:32:27
28,Hobart,-42.8794,147.3294,78.03,58,75,1.99,AU,2022-01-27 04:31:52
29,Broome,42.2506,-75.833,6.53,79,11,1.01,US,2022-01-27 04:32:28
30,East London,-33.0153,27.9116,72.54,100,100,2.3,ZA,2022-01-27 04:30:41
31,Tautira,-17.7333,-149.15,84.22,78,36,15.97,PF,2022-01-27 04:32:28
32,Saint-Philippe,-21.3585,55.7679,78.35,60,14,7.38,RE,2022-01-27 04:32:29
33,Bethel,41.3712,-73.414,19.56,65,0,0.0,US,2022-01-27 04:31:00
34,Karratha,-20.7377,116.8463,90.23,45,1,19.46,AU,2022-01-27 04:32:29
35,Vangaindrano,-23.35,47.6,75.47,79,86,4.41,MG,2022-01-27 04:32:30
36,Pisco,-13.7,-76.2167,69.85,73,0,13.8,PE,2022-01-27 04:32:30
37,Hasaki,35.7333,140.8333,53.82,48,95,9.22,JP,2022-01-27 04:32:30
38,Cidreira,-30.1811,-50.2056,74.66,95,100,6.29,BR,2022-01-27 04:32:31
39,Lishu,43.3047,124.3278,17.17,45,5,5.99,CN,2022-01-27 04:32:31
40,Cabo Rojo,18.0866,-67.1457,73.67,84,34,4.81,PR,2022-01-27 04:32:31
41,Butaritari,3.0707,172.7902,82.15,77,16,13.31,KI,2022-01-27 04:29:55
42,Wagar,16.1525,36.2032,70.12,72,57,19.66,SD,2022-01-27 04:32:32
43,Bluff,-46.6,168.3333,57.79,61,68,10.8,NZ,2022-01-27 04:32:32
44,Santo Angelo,-28.2992,-54.2631,75.52,94,0,3.44,BR,2022-01-27 04:32:33
45,Port Elizabeth,-33.918,25.5701,66.49,100,100,8.05,ZA,2022-01-27 04:32:34
46,Khatanga,71.9667,102.5,1.81,85,100,13.87,RU,2022-01-27 04:32:23
47,Busselton,-33.65,115.3333,78.04,36,0,6.26,AU,2022-01-27 04:32:34
48,Sitka,57.0531,-135.33,35.49,80,0,8.05,US,2022-01-27 04:32:41
49,High Level,58.5169,-117.136,7.25,98,59,2.33,CA,2022-01-27 04:30:14
50,Oksfjord,70.2396,22.3479,27.52,90,100,1.72,NO,2022-01-27 04:32:41
51,Dingle,10.9995,122.6711,86.4,69,95,9.64,PH,2022-01-27 04:32:42
52,Bambous Virieux,-20.3428,57.7575,81.21,73,40,8.05,MU,2022-01-27 04:32:42
53,Winburg,-28.518,27.0093,66.11,63,100,7.54,ZA,2022-01-27 04:32:43
54,Inhambane,-23.865,35.3833,80.38,80,89,9.93,MZ,2022-01-27 04:32:43
55,Vaini,-21.2,-175.2,86.16,84,20,6.91,TO,2022-01-27 04:28:45
56,Pederneiras,-22.3517,-48.775,73.47,91,81,3.53,BR,2022-01-27 04:32:44
57,Aguimes,27.9054,-15.4461,57.83,77,75,6.91,ES,2022-01-27 04:32:45
58,Bainbridge,47.6262,-122.5212,37.76,89,100,1.99,US,2022-01-27 04:32:45
59,Nanfeng,23.7434,111.7959,78.06,56,42,4.72,CN,2022-01-27 04:32:46
60,Olafsvik,64.8945,-23.7142,34.79,65,100,10.13,IS,2022-01-27 04:32:46
61,Chokurdakh,70.6333,147.9167,-27.08,95,32,12.75,RU,2022-01-27 04:32:46
62,Bubaque,11.2833,-15.8333,78.15,62,84,5.48,GW,2022-01-27 04:32:47
63,Tuktoyaktuk,69.4541,-133.0374,-9.4,77,0,16.11,CA,2022-01-27 04:32:47
64,Ust-Koksa,50.2696,85.6108,10.9,91,100,1.43,RU,2022-01-27 04:32:47
65,Siocon,7.7061,122.1353,87.51,64,27,8.34,PH,2022-01-27 04:32:48
66,Hermanus,-34.4187,19.2345,64.9,83,25,9.4,ZA,2022-01-27 04:32:48
67,Kaili,-3.4626,120.2147,79.41,71,100,3.42,ID,2022-01-27 04:32:49
68,Punta Arenas,-53.15,-70.9167,50.11,76,40,21.85,CL,2022-01-27 04:31:40
69,Wajir,1.7471,40.0573,74.95,64,33,14.74,KE,2022-01-27 04:32:49
70,Kodiak,57.79,-152.4072,36.91,81,100,12.66,US,2022-01-27 04:32:50
71,Hurghada,27.2574,33.8129,47.82,59,2,14.38,EG,2022-01-27 04:32:50
72,Cape Town,-33.9258,18.4232,65.12,82,0,1.99,ZA,2022-01-27 04:29:24
73,Airai,-8.9266,125.4092,73.27,63,87,5.66,TL,2022-01-27 04:28:40
74,Banepa,27.6298,85.5214,48.52,71,20,3.44,NP,2022-01-27 04:32:51
75,Sulangan,11.1373,123.7228,82.24,79,51,7.74,PH,2022-01-27 04:32:51
76,Hilo,19.7297,-155.09,73.13,77,40,3.44,US,2022-01-27 04:32:09
77,Georgetown,5.4112,100.3354,88.9,73,20,1.99,MY,2022-01-27 04:32:51
78,Nhulunbuy,-12.2333,136.7667,88.41,70,40,10.36,AU,2022-01-27 04:32:52
79,Nuevo Progreso,23.1667,-97.95,67.59,77,90,2.75,MX,2022-01-27 04:32:52
80,Nome,64.5011,-165.4064,-18.33,76,0,0.0,US,2022-01-27 04:32:54
81,Faanui,-16.4833,-151.75,80.94,77,29,17.49,PF,2022-01-27 04:32:54
82,Vao,-22.6667,167.4833,78.37,83,69,19.08,NC,2022-01-27 04:32:54
83,Piacabucu,-10.4056,-36.4344,76.66,85,23,6.38,BR,2022-01-27 04:32:55
84,Chuy,-33.6971,-53.4616,69.21,84,87,17.27,UY,2022-01-27 04:32:55
85,Cayenne,4.9333,-52.3333,75.24,94,75,3.44,GF,2022-01-27 04:31:05
86,Port Alfred,-33.5906,26.891,72.95,90,76,5.01,ZA,2022-01-27 04:32:55
87,Atuona,-9.8,-139.0333,78.73,78,11,19.22,PF,2022-01-27 04:32:56
88,Chernyshevskiy,63.0128,112.4714,-8.23,92,80,4.03,RU,2022-01-27 04:32:56
89,Imphal,24.8167,93.95,55.31,94,75,2.3,IN,2022-01-27 04:32:57
90,Abu Samrah,35.3029,37.1841,36.7,95,100,16.31,SY,2022-01-27 04:32:57
91,Coquimbo,-29.9533,-71.3436,60.53,82,0,8.05,CL,2022-01-27 04:32:04
92,Albany,42.6001,-73.9662,6.67,65,5,2.1,US,2022-01-27 04:30:02
93,Rakiv Lis,51.6217,24.9243,32.61,97,100,12.66,UA,2022-01-27 04:33:03
94,Port Blair,11.6667,92.75,84.24,70,40,11.5,IN,2022-01-27 04:33:04
95,Uaua,-9.8414,-39.4817,70.74,89,99,8.9,BR,2022-01-27 04:33:04
96,Havoysund,70.9963,24.6622,27.48,75,100,5.44,NO,2022-01-27 04:33:05
97,Ponta Do Sol,32.6667,-17.1,59.0,77,57,6.76,PT,2022-01-27 04:33:05
98,Tasiilaq,65.6145,-37.6368,21.36,82,100,5.21,GL,2022-01-27 04:33:05
99,Bilma,18.6853,12.9164,49.26,44,5,8.39,NE,2022-01-27 04:33:06
100,Anadyr,64.75,177.4833,5.5,85,100,20.13,RU,2022-01-27 04:33:06
101,Garango,11.8,-0.5506,67.21,18,0,10.25,BF,2022-01-27 04:33:06
102,Coihaique,-45.5752,-72.0662,55.35,76,0,3.44,CL,2022-01-27 04:33:07
103,Barrow,71.2906,-156.7887,-11.18,70,40,17.27,US,2022-01-27 04:31:03
104,Nanortalik,60.1432,-45.2371,29.86,90,99,17.05,GL,2022-01-27 04:33:07
105,Kupino,54.3663,77.2981,-5.13,100,99,5.59,RU,2022-01-27 04:33:08
106,Severo-Kurilsk,50.6789,156.125,25.57,65,88,30.29,RU,2022-01-27 04:32:14
107,Avarua,-21.2078,-159.775,80.65,89,75,14.97,CK,2022-01-27 04:28:20
108,Te Anau,-45.4167,167.7167,63.77,33,18,4.68,NZ,2022-01-27 04:33:08
109,Haines Junction,60.7522,-137.5108,13.95,85,100,0.0,CA,2022-01-27 04:33:09
110,Asfi,32.2994,-9.2372,57.4,67,31,10.54,MA,2022-01-27 04:33:09
111,Mahebourg,-20.4081,57.7,81.25,73,40,8.05,MU,2022-01-27 04:33:10
112,Kutum,14.2,24.6667,47.08,32,99,10.45,SD,2022-01-27 04:33:10
113,Constitucion,-35.3333,-72.4167,56.57,93,5,5.01,CL,2022-01-27 04:33:10
114,Preobrazheniye,42.9019,133.9064,24.8,42,1,1.39,RU,2022-01-27 04:33:11
115,Tecolutla,20.4833,-97.0167,64.51,90,100,5.73,MX,2022-01-27 04:33:11
116,Sao Filipe,14.8961,-24.4956,73.38,73,95,13.13,CV,2022-01-27 04:33:12
117,Sumter,28.7086,-82.0831,58.84,87,100,9.55,US,2022-01-27 04:28:31
118,Beringovskiy,63.05,179.3167,0.88,97,100,5.95,RU,2022-01-27 04:33:12
119,Acapulco,16.8634,-99.8901,78.62,83,20,2.3,MX,2022-01-27 04:33:12
120,Santa Barbara,34.7333,-120.0343,50.99,88,0,0.0,US,2022-01-27 04:31:31
121,New Norfolk,-42.7826,147.0587,77.67,38,89,5.91,AU,2022-01-27 04:30:58
122,Bengkulu,-3.8004,102.2655,82.67,73,100,3.6,ID,2022-01-27 04:33:13
123,Flinders,-34.5833,150.8552,82.18,64,6,7.0,AU,2022-01-27 04:33:13
124,Los Llanos De Aridane,28.6585,-17.9182,55.13,74,75,5.99,ES,2022-01-27 04:33:14
125,Bani Walid,31.7566,13.9942,47.26,63,76,5.93,LY,2022-01-27 04:33:14
126,Margate,51.3813,1.3862,44.46,82,98,7.0,GB,2022-01-27 04:33:14
127,San Carlos De Bariloche,-41.1456,-71.3082,69.55,40,20,6.91,AR,2022-01-27 04:30:26
128,Mocuba,-16.8392,36.9856,74.08,91,100,4.45,MZ,2022-01-27 04:33:15
129,Skibbereen,51.55,-9.2667,51.6,98,100,14.52,IE,2022-01-27 04:33:15
130,Brownsville,25.9018,-97.4975,62.98,88,75,5.73,US,2022-01-27 04:29:14
131,Ostrovnoy,68.0531,39.5131,14.68,94,88,20.8,RU,2022-01-27 04:33:16
132,Makushino,55.2103,67.2442,7.61,92,98,10.56,RU,2022-01-27 04:33:16
133,Kumluca,36.3703,30.2869,39.67,40,0,6.58,TR,2022-01-27 04:33:16
134,Qaqortoq,60.7167,-46.0333,28.9,90,98,15.52,GL,2022-01-27 04:33:17
135,Kapaa,22.0752,-159.319,75.18,75,75,1.99,US,2022-01-27 04:33:17
136,Praia,14.9215,-23.5087,70.34,78,75,26.46,CV,2022-01-27 04:33:18
137,Tagusao,9.1924,117.8141,83.97,73,100,7.29,PH,2022-01-27 04:33:18
138,Hofn,64.2539,-15.2082,30.45,54,91,7.83,IS,2022-01-27 04:33:18
139,Vostok,46.4856,135.8833,8.56,85,100,5.7,RU,2022-01-27 04:33:26
140,Isangel,-19.55,169.2667,86.11,84,100,2.3,VU,2022-01-27 04:31:29
141,Dikson,73.5069,80.5464,11.61,92,100,27.72,RU,2022-01-27 04:28:35
142,Shitanjing,39.2342,106.3439,23.31,42,92,3.94,CN,2022-01-27 04:33:27
143,Clyde River,70.4692,-68.5914,-9.17,77,100,17.27,CA,2022-01-27 04:33:27
144,Talnakh,69.4865,88.3972,1.2,96,100,14.76,RU,2022-01-27 04:33:12
145,Victoria,22.2855,114.1577,73.96,83,41,1.99,HK,2022-01-27 04:29:34
146,Sur,22.5667,59.5289,70.93,43,0,4.63,OM,2022-01-27 04:33:27
147,Waynesville,35.4887,-82.9887,32.2,66,2,1.99,US,2022-01-27 04:33:28
148,Fortuna,40.5982,-124.1573,45.93,95,100,1.01,US,2022-01-27 04:33:28
149,Kysyl-Syr,63.8986,122.7617,-7.35,99,96,2.98,RU,2022-01-27 04:29:47
150,Westport,41.1415,-73.3579,22.37,54,0,5.99,US,2022-01-27 04:33:29
151,Buala,-8.145,159.5921,82.44,77,100,7.61,SB,2022-01-27 04:33:29
152,Cabo San Lucas,22.8909,-109.9124,68.5,66,4,4.54,MX,2022-01-27 04:33:30
153,Narsaq,60.9167,-46.05,28.62,84,99,13.56,GL,2022-01-27 04:33:30
154,Biak,-0.9131,122.8766,84.52,68,95,1.05,ID,2022-01-27 04:33:30
155,Baiyin,36.5583,104.2081,25.68,41,100,6.24,CN,2022-01-27 04:33:31
156,Saint-Louis,16.3333,-15.0,67.82,40,88,11.01,SN,2022-01-27 04:31:28
157,Lagoa,39.05,-27.9833,58.68,79,40,10.49,PT,2022-01-27 04:33:31
158,Pochutla,15.7432,-96.4661,74.82,75,32,3.89,MX,2022-01-27 04:33:32
159,Provideniya,64.3833,-173.3,-4.65,71,40,4.47,RU,2022-01-27 04:33:32
160,Caravelas,-17.7125,-39.2481,73.78,93,74,3.33,BR,2022-01-27 04:33:32
161,Adrar,20.5022,-10.0711,59.14,18,17,3.71,MR,2022-01-27 04:33:33
162,Esperance,-33.8667,121.9,68.58,74,97,12.37,AU,2022-01-27 04:31:08
163,Port Hardy,50.6996,-127.4199,39.76,100,0,3.44,CA,2022-01-27 04:30:53
164,Sovetskiy,61.3614,63.5842,5.02,97,100,5.21,RU,2022-01-27 04:33:34
165,Kansanshi,-12.0951,26.4273,61.29,97,100,6.22,ZM,2022-01-27 04:33:34
166,Porto Novo,6.4965,2.6036,73.22,88,1,2.68,BJ,2022-01-27 04:33:34
167,Sorland,67.667,12.6934,37.81,76,80,6.08,NO,2022-01-27 04:33:35
168,Darhan,49.4867,105.9228,0.21,83,7,3.78,MN,2022-01-27 04:33:35
169,Omagh,54.6,-7.3,46.06,83,95,10.76,GB,2022-01-27 04:33:36
170,Washim,20.1,77.15,64.92,31,0,9.17,IN,2022-01-27 04:33:36
171,Sabha,27.0377,14.4283,38.43,58,6,8.84,LY,2022-01-27 04:33:28
172,Zhigansk,66.7697,123.3711,-18.56,99,69,6.69,RU,2022-01-27 04:33:36
173,Kautokeino,69.0125,23.0412,3.25,98,100,1.59,NO,2022-01-27 04:33:37
174,Boca Do Acre,-8.7522,-67.3978,72.41,99,96,2.39,BR,2022-01-27 04:33:37
175,Tucuma,-0.1833,-50.05,74.23,92,95,4.52,BR,2022-01-27 04:30:05
176,Charters Towers,-20.1,146.2667,77.7,79,100,6.85,AU,2022-01-27 04:33:37
177,Longyearbyen,78.2186,15.6401,6.64,78,75,3.44,SJ,2022-01-27 04:33:38
178,Luderitz,-26.6481,15.1594,66.76,76,3,19.66,NA,2022-01-27 04:33:38
179,Jumla,29.2747,82.1838,39.65,36,2,3.2,NP,2022-01-27 04:33:39
180,Nenjiang,49.1833,125.2167,6.57,85,46,3.87,CN,2022-01-27 04:33:39
181,Russell,32.3502,-85.1999,42.4,43,3,5.61,US,2022-01-27 04:33:39
182,Hithadhoo,-0.6,73.0833,81.95,73,92,21.25,MV,2022-01-27 04:33:40
183,Ribeira Grande,38.5167,-28.7,59.85,81,35,12.8,PT,2022-01-27 04:33:40
184,Lumberton,34.6182,-79.0086,36.21,58,2,8.16,US,2022-01-27 04:32:17
185,Mar Del Plata,-38.0023,-57.5575,63.09,72,40,1.99,AR,2022-01-27 04:33:46
186,Dhidhdhoo,6.8833,73.1,78.6,56,100,8.16,MV,2022-01-27 04:33:47
187,Iberia,29.9502,-91.7507,40.96,70,0,8.05,US,2022-01-27 04:33:47
188,Taoudenni,22.6783,-3.9836,61.99,20,6,11.54,ML,2022-01-27 04:33:48
189,Half Moon Bay,37.4636,-122.4286,57.02,74,0,0.0,US,2022-01-27 04:29:20
190,Merauke,-8.4667,140.3333,87.21,63,100,7.07,ID,2022-01-27 04:33:48
191,Nouakchott,18.0858,-15.9785,64.33,55,96,15.21,MR,2022-01-27 04:33:49
192,Zyryanka,65.75,150.85,-36.11,98,30,5.39,RU,2022-01-27 04:33:49
193,Sveti Nikole,41.8696,21.9527,26.28,87,10,3.44,MK,2022-01-27 04:33:49
194,Meulaboh,4.1363,96.1285,84.69,65,27,3.98,ID,2022-01-27 04:33:50
195,Peniche,39.3558,-9.3811,53.11,70,71,10.13,PT,2022-01-27 04:33:50
196,Biu,10.6129,12.1946,58.6,45,31,9.95,NG,2022-01-27 04:33:50
197,Togur,58.3631,82.8265,-4.88,100,95,3.13,RU,2022-01-27 04:33:51
198,Maragogi,-9.0122,-35.2225,76.3,86,27,4.61,BR,2022-01-27 04:33:51
199,Clinton,42.587,-82.9199,11.05,71,0,1.99,US,2022-01-27 04:30:28
200,Tuatapere,-46.1333,167.6833,57.81,51,33,7.4,NZ,2022-01-27 04:33:52
201,Yulara,-25.2406,130.9889,98.44,26,53,5.75,AU,2022-01-27 04:33:52
202,Otane,-39.8833,176.6333,68.02,44,71,12.28,NZ,2022-01-27 04:33:52
203,Bundaberg,-24.85,152.35,84.49,80,100,3.0,AU,2022-01-27 04:33:53
204,Lasa,46.6166,10.7002,44.06,50,80,6.17,IT,2022-01-27 04:33:53
205,Hamilton,39.1834,-84.5333,17.37,68,0,0.0,US,2022-01-27 04:30:30
206,Shaunavon,49.6501,-108.4181,28.18,91,99,17.2,CA,2022-01-27 04:33:54
207,Arraial Do Cabo,-22.9661,-42.0278,74.61,88,21,21.16,BR,2022-01-27 04:33:54
208,Salalah,17.0151,54.0924,68.09,68,20,3.44,OM,2022-01-27 04:33:54
209,Lagos,6.5833,3.75,75.52,96,23,1.74,NG,2022-01-27 04:30:05
210,Lampa,-33.2833,-70.9,68.77,72,0,10.36,CL,2022-01-27 04:31:14
211,Ban Nahin,18.2418,104.2122,85.98,27,3,3.85,LA,2022-01-27 04:33:55
212,Novobiryusinskiy,56.9578,97.7076,11.52,91,100,2.15,RU,2022-01-27 04:33:56
213,Madang,-5.2246,145.7966,84.11,80,100,3.6,PG,2022-01-27 04:33:56
214,Amahai,-3.3333,128.9167,86.43,66,93,5.99,ID,2022-01-27 04:33:56
215,Juwana,-6.715,111.1514,86.85,65,100,9.75,ID,2022-01-27 04:33:57
216,Kahului,20.8947,-156.47,75.85,74,20,6.91,US,2022-01-27 04:33:57
217,Summerland,49.5998,-119.6691,29.25,77,100,2.3,CA,2022-01-27 04:33:57
218,Saskylakh,71.9167,114.0833,-13.34,91,43,5.7,RU,2022-01-27 04:33:58
219,Smithers,54.7804,-127.1743,23.32,100,40,4.61,CA,2022-01-27 04:33:58
220,Nikolskoye,59.7035,30.7861,24.87,94,100,10.07,RU,2022-01-27 04:33:58
221,Salym,60.0625,71.4789,6.3,92,100,6.98,RU,2022-01-27 04:33:59
222,Belmonte,-15.8631,-38.8828,73.9,86,99,4.34,BR,2022-01-27 04:33:59
223,Copiapo,-27.3667,-70.3333,64.8,76,0,2.24,CL,2022-01-27 04:29:27
224,Thongwa,16.7619,96.5278,82.56,33,5,4.14,MM,2022-01-27 04:34:00
225,Tanout,14.9709,8.8879,53.02,27,1,17.27,NE,2022-01-27 04:34:00
226,Iquitos,-3.7481,-73.2472,77.04,94,75,2.3,PE,2022-01-27 04:34:01
227,Xuddur,4.1213,43.8894,70.05,65,51,20.38,SO,2022-01-27 04:34:01
228,Ampanihy,-24.7,44.75,79.83,53,0,6.71,MG,2022-01-27 04:34:01
229,Kaitangata,-46.2817,169.8464,55.36,54,67,12.28,NZ,2022-01-27 04:34:02
230,Labuhan,-6.8844,112.2051,85.12,71,100,13.2,ID,2022-01-27 04:34:08
231,Hami,42.8,93.45,27.07,37,9,1.41,CN,2022-01-27 04:34:08
232,Morant Bay,17.8815,-76.4093,78.42,81,30,6.17,JM,2022-01-27 04:34:09
233,Porbandar,21.6422,69.6093,68.86,33,0,12.06,IN,2022-01-27 04:34:09
234,Chapais,49.7834,-74.8492,-11.42,85,71,14.14,CA,2022-01-27 04:34:10
235,Ruwi,23.5996,58.5507,64.09,50,0,2.04,OM,2022-01-27 04:34:10
236,Barcelona,41.3888,2.159,53.55,53,0,5.01,ES,2022-01-27 04:34:10
237,Port Arthur,38.8,121.2667,26.82,49,21,16.84,CN,2022-01-27 04:32:57
238,Samarai,-10.6167,150.6667,84.15,74,100,4.18,PG,2022-01-27 04:31:44
239,Tres Passos,-27.4556,-53.9319,72.59,97,98,1.48,BR,2022-01-27 04:34:11
240,Kruisfontein,-34.0033,24.7314,63.88,85,54,3.74,ZA,2022-01-27 04:34:11
241,Southbridge,42.0751,-72.0334,14.38,64,0,2.98,US,2022-01-27 04:34:12
242,Zemetchino,53.4973,42.6163,0.3,99,97,5.84,RU,2022-01-27 04:34:12
243,Luwuk,-0.9516,122.7875,87.24,70,95,1.59,ID,2022-01-27 04:34:12
244,Touros,-5.1989,-35.4608,76.1,81,99,8.79,BR,2022-01-27 04:34:13
245,Lorengau,-2.0226,147.2712,82.49,79,98,4.65,PG,2022-01-27 04:34:13
246,Dyersburg,36.0345,-89.3856,28.98,79,40,4.61,US,2022-01-27 04:34:14
247,Nichinan,31.6,131.3667,54.55,67,100,3.98,JP,2022-01-27 04:34:14
248,Flin Flon,54.7682,-101.865,-8.27,86,18,10.74,CA,2022-01-27 04:30:49
249,Tupelo,34.2576,-88.7034,31.24,50,0,5.01,US,2022-01-27 04:32:43
250,San Patricio,28.017,-97.5169,55.81,78,91,10.07,US,2022-01-27 04:34:15
251,Ilulissat,69.2167,-51.1,12.22,57,100,25.32,GL,2022-01-27 04:34:15
252,Culebra,18.303,-65.301,77.04,78,0,10.0,PR,2022-01-27 04:34:15
253,Vila Franca Do Campo,37.7167,-25.4333,58.19,81,29,8.39,PT,2022-01-27 04:34:16
254,Toora-Khem,52.4675,96.11,3.47,85,100,0.78,RU,2022-01-27 04:34:16
255,Novoorsk,51.381,58.9813,20.05,98,100,4.7,RU,2022-01-27 04:34:16
256,Qasigiannguit,68.8193,-51.1922,12.45,55,99,15.52,GL,2022-01-27 04:34:17
257,Srednekolymsk,67.45,153.6833,-41.82,100,38,1.95,RU,2022-01-27 04:34:17
258,Chesma,53.8111,60.6533,15.75,90,100,10.58,RU,2022-01-27 04:34:17
259,Birao,10.2849,22.7882,65.34,20,100,11.92,CF,2022-01-27 04:34:18
260,Bonavista,48.6499,-53.1147,29.12,69,100,20.22,CA,2022-01-27 04:31:37
261,Eugene,44.0521,-123.0867,35.91,95,20,1.99,US,2022-01-27 04:32:59
262,Yashkul,46.1711,45.3435,26.91,91,100,5.1,RU,2022-01-27 04:34:18
263,Mokrous,51.2333,47.5167,11.73,97,100,4.97,RU,2022-01-27 04:34:19
264,Matata,-37.8833,176.75,77.14,54,9,18.07,NZ,2022-01-27 04:34:19
265,Neiafu,-18.65,-173.9833,86.68,70,20,4.61,TO,2022-01-27 04:34:19
266,College,64.8569,-147.8028,-9.45,74,20,0.0,US,2022-01-27 04:34:20
267,Bonthe,7.5264,-12.505,76.41,82,34,2.1,SL,2022-01-27 04:34:20
268,Kungurtug,50.5994,97.5228,1.81,75,42,1.25,RU,2022-01-27 04:34:20
269,Chunskiy,56.0815,99.6342,7.61,85,100,2.15,RU,2022-01-27 04:34:21
270,Yar-Sale,66.8333,70.8333,8.33,93,100,10.02,RU,2022-01-27 04:33:13
271,Zhangye,38.9342,100.4517,26.26,31,100,3.04,CN,2022-01-27 04:34:21
272,Saint Anthony,45.0205,-93.218,29.19,76,100,5.99,US,2022-01-27 04:34:22
273,Olinda,-8.0089,-34.8553,80.33,83,40,8.05,BR,2022-01-27 04:34:22
274,Santa Maria,-29.6842,-53.8069,73.29,90,100,3.15,BR,2022-01-27 04:34:22
275,Ketchikan,55.3422,-131.6461,35.58,100,20,6.91,US,2022-01-27 04:34:23
276,Comodoro Rivadavia,-45.8667,-67.5,58.86,47,0,4.61,AR,2022-01-27 04:34:29
277,Goderich,43.7501,-81.7165,16.12,67,96,19.57,CA,2022-01-27 04:34:30
278,Eseka,3.65,10.7667,72.5,97,100,0.85,CM,2022-01-27 04:34:30
279,Sao Joao Da Barra,-21.6403,-41.0511,74.34,87,4,15.82,BR,2022-01-27 04:34:30
280,Dondo,-19.6094,34.7431,78.31,95,100,4.05,MZ,2022-01-27 04:34:31
281,Thompson,55.7435,-97.8558,-9.24,70,0,12.66,CA,2022-01-27 04:30:49
282,Timizart,36.8,4.2667,44.24,62,62,5.79,DZ,2022-01-27 04:34:31
283,Codrington,-38.2667,141.9667,74.43,88,58,2.82,AU,2022-01-27 04:34:32
284,Ndele,8.4109,20.6473,69.19,26,100,8.97,CF,2022-01-27 04:34:32
285,Paita,-5.0892,-81.1144,70.93,80,83,10.0,PE,2022-01-27 04:34:32
286,Listvyanka,51.8535,104.8693,8.1,84,76,5.95,RU,2022-01-27 04:34:33
287,Dudinka,69.4058,86.1778,1.62,95,100,24.29,RU,2022-01-27 04:34:33
288,Brecht,51.35,4.6333,41.83,86,100,15.41,BE,2022-01-27 04:34:34
289,Kiunga,-6.1219,141.2906,73.2,96,100,1.95,PG,2022-01-27 04:34:34
290,Maramba,-5.05,38.6167,66.83,82,88,4.52,TZ,2022-01-27 04:34:34
291,Lavrentiya,65.5833,-171.0,-17.91,85,29,3.71,RU,2022-01-27 04:34:35
292,Mitu,1.1983,-70.1733,71.58,92,44,2.15,CO,2022-01-27 04:34:35
293,Bilibino,68.0546,166.4372,-25.49,94,63,2.35,RU,2022-01-27 04:34:35
294,Ukiah,39.1502,-123.2078,48.65,75,0,0.0,US,2022-01-27 04:30:01
295,Gushikawa,26.3544,127.8686,72.99,65,100,8.05,JP,2022-01-27 04:34:36
296,Neyshabur,36.2133,58.7958,45.43,31,59,2.82,IR,2022-01-27 04:32:53
297,Solnechnyy,50.7214,136.6319,4.19,91,100,4.34,RU,2022-01-27 04:34:36
298,Cairns,-16.9167,145.7667,85.95,66,100,4.61,AU,2022-01-27 04:30:07
299,Okhotsk,59.3833,143.3,-1.66,79,100,16.75,RU,2022-01-27 04:34:37
300,Indergarh,26.9352,79.6724,58.6,59,0,8.72,IN,2022-01-27 04:34:37
301,Klyuchi,52.2667,79.1667,2.41,97,99,5.37,RU,2022-01-27 04:34:37
302,Oktyabrskiy,54.4815,53.471,10.49,94,100,8.84,RU,2022-01-27 04:34:38
303,De Aar,-30.6497,24.0123,76.05,41,0,4.59,ZA,2022-01-27 04:34:38
304,Saint George,37.1041,-113.5841,43.36,40,0,5.01,US,2022-01-27 04:30:53
305,Sakakah,29.9697,40.2064,42.37,62,6,19.44,SA,2022-01-27 04:34:39
306,Roros,62.5747,11.3842,26.44,93,75,5.75,NO,2022-01-27 04:34:39
307,Port Augusta,-32.5,137.7667,102.7,24,1,9.84,AU,2022-01-27 04:34:39
308,Guane,22.2025,-84.0875,72.0,90,1,2.19,CU,2022-01-27 04:34:40
309,Aklavik,68.2191,-135.0107,-5.08,96,98,3.22,CA,2022-01-27 04:34:40
310,Itarema,-2.9248,-39.9167,77.14,86,100,10.0,BR,2022-01-27 04:34:40
311,Wattegama,6.7989,81.4808,79.72,52,88,8.84,LK,2022-01-27 04:34:41
312,Sarangani,5.4033,125.4636,81.63,79,99,19.71,PH,2022-01-27 04:34:41
313,Khandbari,27.3747,87.2039,56.88,43,4,3.36,NP,2022-01-27 04:34:42
314,Kjustendil,42.2839,22.6911,19.98,93,49,3.71,BG,2022-01-27 04:34:42
315,Mokrousovo,55.8103,66.7653,9.07,92,100,10.78,RU,2022-01-27 04:34:42
316,Norman Wells,65.282,-126.8329,8.64,85,75,0.0,CA,2022-01-27 04:34:43
317,Zalesovo,53.9939,84.7431,8.33,92,100,7.07,RU,2022-01-27 04:34:43
318,Lokachi,50.737,24.6494,33.75,96,100,14.0,UA,2022-01-27 04:34:43
319,Ust-Kalmanka,52.1207,83.305,12.07,93,100,10.33,RU,2022-01-27 04:34:44
320,Mogadishu,2.0371,45.3438,75.07,78,0,13.8,SO,2022-01-27 04:34:50
321,Vardo,70.3705,31.1107,16.0,73,100,11.5,NO,2022-01-27 04:34:51
322,Novo Aripuana,-5.1206,-60.3797,71.15,99,100,1.61,BR,2022-01-27 04:34:51
323,Pitimbu,-7.4706,-34.8086,77.59,82,92,8.63,BR,2022-01-27 04:34:52
324,Cherskiy,68.75,161.3,-42.7,98,34,4.94,RU,2022-01-27 04:33:12
325,Omsukchan,62.5333,155.8,-27.58,98,94,5.5,RU,2022-01-27 04:33:12
326,Broken Hill,-31.95,141.4333,100.11,20,40,6.91,AU,2022-01-27 04:32:20
327,Binzhou,37.3667,118.0167,41.27,36,55,5.97,CN,2022-01-27 04:34:52
328,Nata,8.3333,-80.5167,69.89,82,92,5.48,PA,2022-01-27 04:34:53
329,Thai Binh,20.45,106.3333,73.4,79,74,9.84,VN,2022-01-27 04:30:46
330,Kloulklubed,7.0419,134.2556,82.9,81,100,16.42,PW,2022-01-27 04:34:53
331,Kavaratti,10.5669,72.642,77.61,68,93,11.7,IN,2022-01-27 04:34:54
332,Praia Da Vitoria,38.7333,-27.0667,57.76,94,75,11.25,PT,2022-01-27 04:34:54
333,Palmas Bellas,9.2319,-80.0867,76.91,86,73,6.96,PA,2022-01-27 04:34:54
334,Sidi Ali,36.0998,0.4206,48.97,53,96,7.85,DZ,2022-01-27 04:34:55
335,Galle,6.0367,80.217,81.3,64,94,0.47,LK,2022-01-27 04:33:39
336,Berlevag,70.8578,29.0864,23.0,79,100,12.66,NO,2022-01-27 04:34:55
337,Kajaani,64.2273,27.7285,24.85,93,100,2.3,FI,2022-01-27 04:34:56
338,Gazanjyk,39.2446,55.5154,44.08,46,95,7.45,TM,2022-01-27 04:34:56
339,Kidero,42.1932,45.9614,14.23,86,47,2.98,RU,2022-01-27 04:34:56
340,Yakima,46.4665,-120.6678,30.83,87,100,0.0,US,2022-01-27 04:30:04
341,Santa Fe,-31.6333,-60.7,74.01,84,86,3.0,AR,2022-01-27 04:34:57
342,Torbay,47.6666,-52.7314,28.76,94,100,14.97,CA,2022-01-27 04:30:32
343,Vallam,10.7167,79.0833,82.45,59,100,8.41,IN,2022-01-27 04:34:58
344,Sangar,63.9242,127.4739,-18.54,91,100,2.91,RU,2022-01-27 04:34:58
345,Micheweni,-4.9667,39.8333,80.19,69,89,10.54,TZ,2022-01-27 04:34:58
346,Qeshm,26.9581,56.2719,62.49,52,0,4.5,IR,2022-01-27 04:34:59
347,Yarada,17.65,83.2667,79.12,65,75,2.3,IN,2022-01-27 04:34:59
348,Saint-Pierre,-21.3393,55.4781,78.44,50,0,8.05,RE,2022-01-27 04:34:59
349,Filadelfia,39.9523,-75.1638,22.98,51,0,3.0,US,2022-01-27 04:33:50
350,Pangnirtung,66.1451,-65.7125,-25.67,92,100,6.02,CA,2022-01-27 04:35:00
351,Sao Gabriel Da Cachoeira,-0.1303,-67.0892,72.01,99,99,1.52,BR,2022-01-27 04:35:00
352,Whitehorse,60.7161,-135.0538,18.1,89,100,3.0,CA,2022-01-27 04:31:54
353,Gorontalo,0.5412,123.0595,88.45,63,82,3.98,ID,2022-01-27 04:35:01
354,Port Victoria,0.0939,33.9756,68.95,60,22,8.5,KE,2022-01-27 04:35:01
355,Horsham,51.064,-0.3272,47.28,86,75,4.61,GB,2022-01-27 04:35:01
356,Rock Sound,24.9,-76.2,75.52,72,2,10.56,BS,2022-01-27 04:31:11
357,Sassandra,4.95,-6.0833,75.56,90,12,4.7,CI,2022-01-27 04:35:02
358,Vestmannaeyjar,63.4427,-20.2734,37.78,63,79,4.43,IS,2022-01-27 04:34:39
359,Panzhihua,26.5851,101.7128,63.23,48,55,1.97,CN,2022-01-27 04:35:02
360,Swellendam,-34.0226,20.4417,53.98,84,17,1.95,ZA,2022-01-27 04:35:03
361,Ulagan,50.6321,87.9563,10.31,86,100,0.49,RU,2022-01-27 04:35:03
362,Saint-Joseph,-21.3667,55.6167,77.36,59,16,7.49,RE,2022-01-27 04:35:10
363,Antalaha,-14.9003,50.2788,78.51,72,69,7.36,MG,2022-01-27 04:35:10
364,Pacifica,37.6138,-122.4869,55.71,76,0,1.01,US,2022-01-27 04:34:12
365,Pinhao,-25.6956,-51.6597,65.84,90,73,1.48,BR,2022-01-27 04:35:10
366,Solikamsk,59.6196,56.7729,4.66,97,100,3.29,RU,2022-01-27 04:35:11
367,Shubarkuduk,49.1447,56.4872,20.25,92,100,9.04,KZ,2022-01-27 04:35:11
368,Waitara,-38.925,174.25,71.22,41,1,17.9,NZ,2022-01-27 04:35:11
369,Namatanai,-3.6667,152.4333,84.38,72,72,5.75,PG,2022-01-27 04:35:12
370,Pevek,69.7008,170.3133,-32.03,98,28,2.8,RU,2022-01-27 04:35:12
371,Atar,20.5169,-13.0499,60.58,55,35,9.13,MR,2022-01-27 04:35:13
372,Carnarvon,-24.8667,113.6333,82.47,65,75,17.27,AU,2022-01-27 04:33:33
373,Ust-Nera,64.5667,143.2,-36.58,99,60,2.35,RU,2022-01-27 04:35:13
374,Ucluelet,48.9329,-125.5528,42.04,76,56,4.97,CA,2022-01-27 04:35:13
375,Balkanabat,39.5108,54.3671,48.52,39,97,1.03,TM,2022-01-27 04:35:14
376,Madras,13.0878,80.2785,85.98,71,40,3.0,IN,2022-01-27 04:34:54
377,Teguise,29.0605,-13.564,55.62,72,0,6.91,ES,2022-01-27 04:35:14
378,Quibdo,5.6947,-76.6611,73.44,99,99,1.34,CO,2022-01-27 04:35:15
379,Samfya,-11.3649,29.5565,65.03,93,100,4.88,ZM,2022-01-27 04:35:15
380,Avera,33.194,-82.5271,42.71,67,14,9.57,US,2022-01-27 04:35:15
381,Freeport,40.6576,-73.5832,23.25,51,0,1.01,US,2022-01-27 04:35:16
382,Hanting,36.7708,119.2108,38.34,37,51,8.9,CN,2022-01-27 04:35:16
383,Bandundu,-3.3167,17.3667,69.64,91,100,3.53,CD,2022-01-27 04:35:16
384,Shimoda,34.6667,138.95,53.96,66,100,7.76,JP,2022-01-27 04:35:17
385,Mecca,21.4267,39.8261,61.65,54,62,15.9,SA,2022-01-27 04:32:20
386,Salta,-24.7859,-65.4117,64.99,93,75,5.01,AR,2022-01-27 04:35:17
387,Khani,41.9563,42.9566,29.77,99,100,0.69,GE,2022-01-27 04:35:18
388,Hungund,16.0667,76.05,75.54,41,6,13.91,IN,2022-01-27 04:35:18
389,Paamiut,61.994,-49.6678,16.56,76,100,9.37,GL,2022-01-27 04:35:18
390,Belaya Gora,68.5333,146.4167,-36.29,99,13,5.64,RU,2022-01-27 04:35:19
391,Concepcion,-36.827,-73.0498,58.8,94,100,8.05,CL,2022-01-27 04:35:19
392,Ocampo,21.65,-101.5,53.01,42,100,6.67,MX,2022-01-27 04:35:19
393,Lokhvytsya,50.3678,33.2602,12.97,98,99,1.05,UA,2022-01-27 04:35:20
394,Henties Bay,-22.116,14.2845,65.86,89,99,3.04,NA,2022-01-27 04:35:20
395,Sarab,38.6066,44.9883,21.6,94,92,1.39,IR,2022-01-27 04:35:20
396,Sangre Grande,10.5835,-61.1177,74.89,86,11,6.24,TT,2022-01-27 04:35:21
397,Nancha,47.1333,129.2667,16.66,60,45,6.44,CN,2022-01-27 04:35:21
398,Dalianwan,39.0286,121.695,26.64,46,0,11.18,CN,2022-01-27 04:35:21
399,Sibolga,1.7427,98.7792,85.39,61,78,4.65,ID,2022-01-27 04:35:22
400,San Cristobal,7.7669,-72.225,71.78,86,96,1.48,VE,2022-01-27 04:35:22
401,Tateyama,34.9833,139.8667,54.1,51,100,9.66,JP,2022-01-27 04:35:22
402,Sinjar,36.3209,41.8754,41.94,75,94,5.99,IQ,2022-01-27 04:35:23
403,Gamba,-2.65,10.0,75.58,91,92,4.99,GA,2022-01-27 04:35:23
404,Vilyuysk,63.7553,121.6247,-3.98,96,87,2.75,RU,2022-01-27 04:35:23
405,Deputatskiy,69.3,139.9,-8.61,97,100,5.1,RU,2022-01-27 04:35:24
406,Brodick,55.5754,-5.1472,46.24,82,98,17.65,GB,2022-01-27 04:35:24
407,Sharjah,25.3573,55.4033,67.98,47,0,5.68,AE,2022-01-27 04:35:25
408,Lagos De Moreno,21.35,-101.9167,56.39,41,97,0.96,MX,2022-01-27 04:35:25
409,Kieta,-6.2167,155.6333,81.91,79,94,4.79,PG,2022-01-27 04:35:25
410,Vila,42.0304,-8.1588,36.32,76,0,4.54,PT,2022-01-27 04:35:33
411,Porto Empedocle,37.2934,13.5264,45.9,75,0,4.97,IT,2022-01-27 04:35:33
412,Fort Nelson,58.8053,-122.7002,20.79,93,100,0.0,CA,2022-01-27 04:35:33
413,Chara,56.9064,118.2631,-8.79,94,47,1.57,RU,2022-01-27 04:35:34
414,Kuala Kedah,6.1,100.3,91.38,62,20,4.61,MY,2022-01-27 04:35:34
415,Dimona,31.0667,35.0333,37.85,86,86,26.37,IL,2022-01-27 04:35:34
416,Takoradi,4.8845,-1.7554,77.09,89,3,3.27,GH,2022-01-27 04:33:17
417,Atikokan,48.7555,-91.6216,23.27,92,100,13.58,CA,2022-01-27 04:35:35
418,Taikang,46.8333,124.4167,10.17,74,22,4.97,CN,2022-01-27 04:35:35
419,Bahia Honda,22.9036,-83.1592,72.57,88,28,4.27,CU,2022-01-27 04:35:35
420,Santa Cruz De La Palma,28.6835,-17.7642,59.14,82,75,3.44,ES,2022-01-27 04:35:36
421,Muroto,33.2833,134.15,55.44,58,54,5.28,JP,2022-01-27 04:35:36
422,Garowe,8.4054,48.4845,64.94,69,81,9.37,SO,2022-01-27 04:35:37
423,Guatire,10.4762,-66.5427,72.1,98,29,1.32,VE,2022-01-27 04:35:37
424,Fergus Falls,46.283,-96.0776,30.27,86,100,9.22,US,2022-01-27 04:35:37
425,Chanute,37.6792,-95.4572,30.31,64,100,9.22,US,2022-01-27 04:31:15
426,Brigham City,41.5102,-112.0155,29.86,70,0,1.99,US,2022-01-27 04:35:38
427,Dagana,16.5165,-15.5068,68.38,40,100,10.76,MR,2022-01-27 04:35:38
428,Mnogovershinnyy,53.9353,139.9242,-1.53,79,33,3.53,RU,2022-01-27 04:35:38
429,La Ronge,55.1001,-105.2842,1.65,71,0,9.22,CA,2022-01-27 04:35:39
430,Ambilobe,-13.2,49.05,77.77,83,85,1.68,MG,2022-01-27 04:35:39
431,Jhelum,32.9331,73.7264,55.71,46,0,6.35,PK,2022-01-27 04:35:39
432,Zheleznodorozhnyy,55.7503,38.0042,20.75,98,100,3.44,RU,2022-01-27 04:35:40
433,Quatre Cocos,-20.2078,57.7625,81.09,63,21,12.01,MU,2022-01-27 04:35:40
434,Marzuq,14.4,46.4667,65.88,37,2,1.23,YE,2022-01-27 04:35:40
435,Viedma,-40.8135,-62.9967,59.04,66,0,2.24,AR,2022-01-27 04:35:41
436,Moose Factory,51.2585,-80.6094,14.0,73,100,20.71,CA,2022-01-27 04:35:41
437,Barre,44.197,-72.5021,-5.03,75,0,0.0,US,2022-01-27 04:34:05
438,Markova,48.6758,24.4138,25.3,88,97,6.67,UA,2022-01-27 04:35:42
439,Barkot,30.8167,78.2,48.22,51,5,1.74,IN,2022-01-27 04:35:42
440,Ures,29.4333,-110.4,63.09,30,98,2.3,MX,2022-01-27 04:35:44
441,Moree,-29.4667,149.85,77.02,73,100,18.41,AU,2022-01-27 04:35:44
442,Puerto Narino,-3.7703,-70.3831,75.15,98,67,2.04,CO,2022-01-27 04:35:44
443,Purmerend,52.505,4.9597,47.01,86,100,5.99,NL,2022-01-27 04:35:45
444,Teya,60.3778,92.6267,-1.32,96,38,1.03,RU,2022-01-27 04:35:45
445,Mayumba,-3.432,10.6554,76.39,88,84,6.24,GA,2022-01-27 04:35:45
446,Tutoia,-2.7619,-42.2744,78.78,90,100,6.11,BR,2022-01-27 04:35:46
447,Port Macquarie,-31.4333,152.9167,80.56,63,51,11.45,AU,2022-01-27 04:35:46
448,Ixtapa,20.7,-105.2,71.22,88,20,0.0,MX,2022-01-27 04:35:46
449,Mount Gambier,-37.8333,140.7667,93.11,38,75,12.66,AU,2022-01-27 04:35:47
450,Russas,-4.9403,-37.9758,74.61,90,100,2.17,BR,2022-01-27 04:35:47
451,Morehead,37.2711,-87.1764,20.14,79,0,0.0,US,2022-01-27 04:35:47
452,Gat,31.61,34.7642,50.68,100,92,23.09,IL,2022-01-27 04:33:02
453,Saldanha,-33.0117,17.9442,59.05,90,0,10.63,ZA,2022-01-27 04:35:48
454,Erzin,36.9559,36.2,39.72,87,98,2.39,TR,2022-01-27 04:31:02
455,Kazanlak,42.6167,25.4,33.17,100,52,3.65,BG,2022-01-27 04:35:48
456,Buraydah,26.326,43.975,50.45,35,0,15.93,SA,2022-01-27 04:35:49
457,Qianan,44.9932,124.0581,11.84,78,6,5.53,CN,2022-01-27 04:35:49
458,Vung Tau,10.346,107.0843,82.08,67,10,8.93,VN,2022-01-27 04:35:55
459,Mandalgovi,45.7625,106.2708,9.95,52,1,10.04,MN,2022-01-27 04:35:56
460,Palmer,42.1584,-72.3287,13.28,68,0,0.0,US,2022-01-27 04:35:56
461,Miramar,25.9873,-80.2323,72.0,94,100,0.0,US,2022-01-27 04:32:06
462,Woodstock,43.1334,-80.7497,15.03,93,54,6.31,CA,2022-01-27 04:35:56
463,Puerto Colombia,10.9878,-74.9547,78.89,80,6,25.19,CO,2022-01-27 04:35:57
464,Geraldton,-28.7667,114.6,88.21,42,0,21.85,AU,2022-01-27 04:35:57
465,Sola,-13.8833,167.55,81.34,80,100,13.69,VU,2022-01-27 04:35:57
466,Nelson Bay,-32.7167,152.15,82.45,62,0,4.0,AU,2022-01-27 04:35:58
467,Vanimo,-2.6741,141.3028,82.92,79,89,1.48,PG,2022-01-27 04:35:58
468,North Bend,43.4065,-124.2243,42.93,99,0,3.44,US,2022-01-27 04:31:47
469,Gravdal,68.1214,13.5031,36.97,73,94,7.02,NO,2022-01-27 04:35:59
470,Herbertpur,30.45,77.7333,56.91,54,5,2.39,IN,2022-01-27 04:35:59
471,Monroe,43.1501,-77.6831,11.95,84,40,5.75,US,2022-01-27 04:34:00
472,Paoua,7.2427,16.4406,63.59,27,97,4.54,CF,2022-01-27 04:35:59
473,Miles City,46.4083,-105.8406,34.77,75,100,13.8,US,2022-01-27 04:36:00
474,Aswan,24.0934,32.907,42.93,64,2,11.99,EG,2022-01-27 04:36:00
475,Alofi,-19.0595,-169.9187,84.09,74,20,10.36,NU,2022-01-27 04:36:00
476,Lucea,18.451,-78.1736,76.86,82,1,9.6,JM,2022-01-27 04:36:01
477,Mananjary,-21.2167,48.3333,76.5,74,31,2.19,MG,2022-01-27 04:36:01
478,Bayir,37.2687,28.2167,30.72,73,5,6.24,TR,2022-01-27 04:36:02
479,Grand Forks,47.9417,-97.4337,26.53,86,100,3.44,US,2022-01-27 04:36:02
480,Bajram Curri,42.3554,20.0784,24.93,85,7,3.29,AL,2022-01-27 04:36:02
481,Port Keats,-14.25,129.55,85.24,72,100,13.22,AU,2022-01-27 04:36:03
482,Husavik,66.0449,-17.3389,31.91,78,100,4.12,IS,2022-01-27 04:36:03
483,Jacmel,18.2342,-72.5347,76.84,81,43,0.83,HT,2022-01-27 04:36:03
484,Port-Gentil,-0.7193,8.7815,79.99,80,100,10.07,GA,2022-01-27 04:36:04
485,Oranjestad,12.524,-70.027,78.64,81,21,20.94,AW,2022-01-27 04:36:04
486,Komsomolskiy,40.4272,71.7189,33.22,64,0,4.61,UZ,2022-01-27 04:36:04
487,Lazaro Cardenas,17.9583,-102.2,74.08,79,49,2.93,MX,2022-01-27 04:36:05
488,Djambala,-2.5447,14.7533,65.5,95,75,3.27,CG,2022-01-27 04:36:05
489,Fenoarivo,-18.933,47.4354,64.47,72,20,6.91,MG,2022-01-27 04:36:06
490,Zarubino,42.63,131.0922,23.25,47,0,10.65,RU,2022-01-27 04:36:06
491,Cockburn Town,21.4612,-71.1419,77.36,76,1,12.88,TC,2022-01-27 04:36:06
492,Souillac,-20.5167,57.5167,81.36,73,40,8.05,MU,2022-01-27 04:36:07
493,Sovetskaya Gavan,48.9723,140.2878,13.78,71,89,5.01,RU,2022-01-27 04:36:07
494,Bata,1.8639,9.7658,78.66,100,40,0.0,GQ,2022-01-27 04:36:07
495,Kaliua,-5.0606,31.7936,65.16,97,97,2.39,TZ,2022-01-27 04:36:08
496,Ziniare,12.5822,-1.2983,64.49,16,9,9.51,BF,2022-01-27 04:36:08
497,Snezhnogorsk,69.1933,33.2531,17.38,98,100,8.16,RU,2022-01-27 04:36:08
498,Puerto Madryn,-42.7692,-65.0385,62.17,67,0,13.53,AR,2022-01-27 04:36:09
499,Evensk,61.95,159.2333,11.17,89,100,18.68,RU,2022-01-27 04:36:09
500,Portland,45.5234,-122.6762,40.86,75,20,1.01,US,2022-01-27 04:32:31
501,Shellbrook,53.2168,-106.4011,15.03,85,86,11.95,CA,2022-01-27 04:36:10
502,Mana,5.6592,-53.7767,74.59,88,43,5.14,GF,2022-01-27 04:36:10
503,Las Palmas,28.4204,-14.0131,59.79,72,32,10.36,ES,2022-01-27 04:36:10
504,Iqaluit,63.7506,-68.5145,-24.07,76,0,2.3,CA,2022-01-27 04:36:11
505,Road Town,18.4167,-64.6167,77.04,83,40,11.5,VG,2022-01-27 04:32:07
506,Milkovo,54.7167,158.6167,3.9,93,100,1.43,RU,2022-01-27 04:36:17
507,Mehamn,71.0357,27.8492,22.95,86,40,14.97,NO,2022-01-27 04:36:17
508,Alberton,46.8168,-64.0654,6.71,97,46,11.45,CA,2022-01-27 04:36:18
509,Lompoc,34.6391,-120.4579,53.92,90,0,3.44,US,2022-01-27 04:32:43
510,Shenjiamen,29.9576,122.298,47.91,89,100,17.11,CN,2022-01-27 04:36:18
511,Gouyave,12.1646,-61.7296,74.17,83,20,0.0,GD,2022-01-27 04:36:19
512,Skara,58.3866,13.4384,41.92,3,100,15.99,SE,2022-01-27 04:36:19
513,Carlyle,38.6103,-89.3726,21.47,59,0,1.99,US,2022-01-27 04:36:19
514,Longyan,25.1072,117.0225,75.04,57,29,3.89,CN,2022-01-27 04:36:20
515,Andenes,69.3143,16.1194,30.18,86,75,6.91,NO,2022-01-27 04:36:20
516,Vila Velha,-20.3297,-40.2925,75.94,82,0,1.01,BR,2022-01-27 04:33:55
517,Aasiaat,68.7098,-52.8699,4.91,79,100,15.84,GL,2022-01-27 04:36:20
518,Mancora,-4.1078,-81.0475,75.13,71,99,8.21,PE,2022-01-27 04:36:21
519,Kununurra,-15.7667,128.7333,91.38,58,40,12.66,AU,2022-01-27 04:36:21
520,Kargasok,59.0556,80.8572,-5.96,98,96,5.17,RU,2022-01-27 04:36:21
521,Acari,-15.4311,-74.6158,72.1,78,66,3.89,PE,2022-01-27 04:36:22
522,Cuiluan,47.72,128.648,12.25,70,91,7.83,CN,2022-01-27 04:36:22
523,Chiochis,46.9833,24.1833,26.22,97,99,2.01,RO,2022-01-27 04:36:23
524,Raudeberg,61.9875,5.1352,43.47,95,100,5.99,NO,2022-01-27 04:36:23
525,Banjar,-8.19,114.9675,85.91,67,100,4.68,ID,2022-01-27 04:36:23
526,Wahpeton,46.2652,-96.6059,31.01,86,100,11.5,US,2022-01-27 04:36:24
527,Shatsk,54.0258,41.7119,0.73,98,97,5.7,RU,2022-01-27 04:36:24
528,Sept-Iles,50.2001,-66.3821,-9.94,71,0,4.61,CA,2022-01-27 04:35:05
529,Kenai,60.5544,-151.2583,23.02,82,100,10.36,US,2022-01-27 04:35:48
530,Arman,59.7,150.1667,-2.99,79,100,10.16,RU,2022-01-27 04:36:25
531,Faya,18.3851,42.4509,53.71,52,37,5.86,SA,2022-01-27 04:36:25
532,Itoman,26.1247,127.6694,73.78,68,75,11.5,JP,2022-01-27 04:36:25
533,Kalmunai,7.4167,81.8167,80.38,62,92,10.13,LK,2022-01-27 04:36:26
534,The Valley,18.217,-63.0578,75.06,75,52,17.02,AI,2022-01-27 04:36:26
535,Grindavik,63.8424,-22.4338,30.67,93,0,10.36,IS,2022-01-27 04:33:35
536,Havre,49.5833,0.3333,43.2,87,100,16.11,FR,2022-01-27 04:36:27
537,San Quintin,30.4833,-115.95,57.24,72,87,7.29,MX,2022-01-27 04:36:27
538,Auki,-8.7676,160.7034,81.09,78,100,5.82,SB,2022-01-27 04:36:27
539,Pailon,-17.65,-62.75,79.7,69,50,9.37,BO,2022-01-27 04:36:28
540,Nyurba,63.2842,118.3319,-2.13,95,95,5.12,RU,2022-01-27 04:36:28
541,Krasnovishersk,60.4078,57.082,1.29,98,100,3.15,RU,2022-01-27 04:32:14
542,Chambas,22.1928,-78.9136,69.42,81,0,2.57,CU,2022-01-27 04:36:28
543,Lifford,54.8319,-7.4836,46.9,80,93,11.45,IE,2022-01-27 04:36:29
544,Parrita,9.5201,-84.3225,78.57,71,54,4.74,CR,2022-01-27 04:36:29
545,Neuquen,-38.9516,-68.0591,69.69,40,0,4.61,AR,2022-01-27 04:36:30
546,Honiara,-9.4333,159.95,80.65,82,100,7.05,SB,2022-01-27 04:36:30
547,Khanu Woralaksaburi,16.0617,99.8606,91.0,32,5,1.07,TH,2022-01-27 04:36:30
548,Safaga,26.7292,33.9365,49.93,57,0,11.77,EG,2022-01-27 04:36:31
549,Okha,53.5739,142.9478,-4.05,89,41,11.7,RU,2022-01-27 04:36:31
550,Wajima,37.4,136.9,39.88,60,40,5.75,JP,2022-01-27 04:36:31
551,Komyshnya,50.1859,33.684,8.31,100,98,1.66,UA,2022-01-27 04:36:32
552,Kattivakkam,13.2167,80.3167,86.09,71,89,6.98,IN,2022-01-27 04:36:32
553,Acajutla,13.5928,-89.8275,75.79,80,36,6.44,SV,2022-01-27 04:36:32
554,Svetlogorsk,52.6333,29.7333,19.0,95,98,8.57,BY,2022-01-27 04:36:39
555,Ratnagiri,16.9833,73.3,79.3,36,1,5.79,IN,2022-01-27 04:36:39
556,Naze,28.3667,129.4833,63.52,74,93,4.74,JP,2022-01-27 04:36:39
557,Emerald,-23.5333,148.1667,95.14,34,75,17.27,AU,2022-01-27 04:36:40
558,Atbasar,51.8,68.3333,-3.48,97,84,4.5,KZ,2022-01-27 04:34:00
559,Abalak,58.1286,68.5944,10.0,86,100,9.37,RU,2022-01-27 04:36:40
560,Bosarkany,47.6882,17.25,37.26,84,97,8.61,HU,2022-01-27 04:36:41
561,Poya,-21.35,165.15,83.37,70,55,12.55,NC,2022-01-27 04:36:41
562,Maple Creek,49.9168,-109.4848,30.61,93,100,8.05,CA,2022-01-27 04:36:41
563,Padang,-0.9492,100.3543,87.85,65,100,4.41,ID,2022-01-27 04:36:42
564,Sumbe,-11.2061,13.8437,75.6,86,100,2.15,AO,2022-01-27 04:36:42
565,Ancud,-41.8697,-73.8203,58.53,76,0,0.74,CL,2022-01-27 04:36:42
566,Tura,25.5198,90.2201,65.37,59,36,5.01,IN,2022-01-27 04:36:43
567,Kalemie,-5.9475,29.1947,68.95,92,100,7.07,CD,2022-01-27 04:36:43
568,Knysna,-34.0363,23.0471,64.78,91,63,3.13,ZA,2022-01-27 04:36:43
569,Sao Jose Da Coroa Grande,-8.8978,-35.1478,76.53,85,24,5.46,BR,2022-01-27 04:36:44
570,Shorewood,41.52,-88.2017,12.72,72,0,5.75,US,2022-01-27 04:36:44
